Place,Rainfall (mm),Main
Central & Western District,17,FALSE
Eastern District,8,FALSE
Kwai Tsing,31,FALSE
Islands District,42,FALSE
North District,7,FALSE
Sai Kung,10,FALSE
Sha Tin,16,FALSE
Southern District,5,FALSE
Tai Po,17,FALSE
Tsuen Wan,26,FALSE
Tuen Mun,16,FALSE
Wan Chai,6,FALSE
Yuen Long,16,FALSE
Yau Tsim Mong,8,FALSE
Sham Shui Po,15,FALSE
Kowloon City,12,FALSE
Wong Tai Sin,12,FALSE
Kwun Tong,7,FALSE